{
  "accuracy": 0.7398276456394347,
  "precision": 1.0,
  "recall": 0.77998276456394347,
  "f1_score": 0.68520682862770848,
  "auc_roc": NaN,
  "auc_pr": 1.0,
  "threshold": 0.4550329826772213
}
