{
  "accuracy": 0.04998276456394347,
  "precision": 1.0,
  "recall": 0.04998276456394347,
  "f1_score": 0.09520682862770848,
  "auc_roc": NaN,
  "auc_pr": 1.0,
  "threshold": 0.02550329826772213
}